{
    "files": [
        {
            "path": "project/ROADMAP.md",
            "status": "unlinked"
        },
        {
            "path": "project/FUTURE_ENHANCEMENTS.md",
            "status": "unlinked"
        },
        {
            "path": "project/SECURITY.md",
            "status": "unlinked"
        },
        {
            "path": "project/PROJECT_PLAN.md",
            "status": "unlinked"
        },
        {
            "path": "project/QA_GOVERNANCE.md",
            "status": "unlinked"
        },
        {
            "path": "project/ALIGNMENT_MATRIX.md",
            "status": "unlinked"
        },
        {
            "path": "project/LESSONS-LEARNT.md",
            "status": "unlinked"
        },
        {
            "path": "project/PROJECT_BRIEF.md",
            "status": "unlinked"
        },
        {
            "path": "project/USECASES_GAP_ANALYSIS.md",
            "status": "unlinked"
        },
        {
            "path": "project/CICD.md",
            "status": "unlinked"
        },
        {
            "path": "project/PID.md",
            "status": "unlinked"
        },
        {
            "path": "project/ONBOARDING.md",
            "status": "unlinked"
        },
        {
            "path": "project/HIGH_LEVEL_DESIGN.md",
            "status": "unlinked"
        },
        {
            "path": "project/LOGGING_PHASES.md",
            "status": "unlinked"
        },
        {
            "path": "project/PROJECT_REGISTRY.md",
            "status": "unlinked"
        },
        {
            "path": "project/LOW_LEVEL_DESIGN.md",
            "status": "unlinked"
        },
        {
            "path": "project/EXECUTION_PLAN.md",
            "status": "unlinked"
        },
        {
            "path": "project/DEPENDENCIES.md",
            "status": "unlinked"
        },
        {
            "path": "project/USECASES.md",
            "status": "unlinked"
        },
        {
            "path": "project/TASK_CHECKLIST.md",
            "status": "unlinked"
        },
        {
            "path": "project/LOGGING_SYSTEM_DESIGN.md",
            "status": "unlinked"
        },
        {
            "path": "project/BACKLOG.md",
            "status": "unlinked"
        },
        {
            "path": "project/LOGGING_TRACEABILITY_MATRIX.md",
            "status": "unlinked"
        },
        {
            "path": "project/PROJECT_DOCUMENT_ALIGNMENT.md",
            "status": "unlinked"
        },
        {
            "path": "project/proposals/GONKUI_PLUGIN.md",
            "status": "unlinked"
        },
        {
            "path": "project/proposals/QA_GATE_IMPLEMENTATION_PLAN.md",
            "status": "unlinked"
        },
        {
            "path": "project/proposals/GOVERNANCE_AUDIT_REFACTOR.md",
            "status": "unlinked"
        },
        {
            "path": "project/proposals/LOW_CODE_PROPOSAL.md",
            "status": "unlinked"
        },
        {
            "path": "project/proposals/DYNAMIC_PLUGIN_PROPOSAL.md",
            "status": "unlinked"
        },
        {
            "path": "project/proposals/TRACE_INDEX_SCHEMA_FIX.md",
            "status": "unlinked"
        },
        {
            "path": "project/proposals/DBSTUDIO_PLUGIN.md",
            "status": "unlinked"
        },
        {
            "path": "project/proposals/MULTI_SOURCE_METADATA_PROPOSAL.md",
            "status": "unlinked"
        },
        {
            "path": "project/proposals/TRACE_INDEX_SCHEMA_ADAPTATION.md",
            "status": "unlinked"
        },
        {
            "path": "project/proposals/HOME_AUTOMATION_PROPOSAL.md",
            "status": "unlinked"
        },
        {
            "path": "project/process/GAP_ANALYSIS_TEMPLATE.md",
            "status": "unlinked"
        },
        {
            "path": "project/reports/GOVERNANCE_AUDIT_REPORT.md",
            "status": "unlinked"
        },
        {
            "path": "project/reports/HANDOVER_BRIEF_JULES.md",
            "status": "unlinked"
        },
        {
            "path": "project/reports/REPO_MANIFEST.md",
            "status": "unlinked"
        },
        {
            "path": "project/reports/PROJECT_AUDIT_FINAL_REPORT.md",
            "status": "unlinked"
        },
        {
            "path": "project/reports/GOVERNANCE_DEMO_REPORT.md",
            "status": "unlinked"
        },
        {
            "path": "project/reports/HANDOVER_BRIEF_CHATGTP.md",
            "status": "unlinked"
        }
    ],
    "summary": {
        "total_files": 41,
        "fully_aligned": 0,
        "partially_aligned": 0,
        "unlinked": 41
    }
}